-- Data NEEDED to run flexive

-- INSERT most common languages
INSERT INTO FXS_LANG(LANG_CODE,ISO_CODE,INUSE,DISPPOS) VALUES (0, '00', TRUE, 0);
INSERT INTO FXS_LANG(LANG_CODE,ISO_CODE,INUSE,DISPPOS) VALUES (1, 'en', TRUE, 1);
INSERT INTO FXS_LANG(LANG_CODE,ISO_CODE,INUSE,DISPPOS) VALUES (2, 'de', TRUE, 2);
INSERT INTO FXS_LANG(LANG_CODE,ISO_CODE,INUSE,DISPPOS) VALUES (3, 'fr', TRUE, 3);
INSERT INTO FXS_LANG(LANG_CODE,ISO_CODE,INUSE,DISPPOS) VALUES (4, 'it', TRUE, 4);
INSERT INTO FXS_LANG_T VALUES (0, 1, 'System');
INSERT INTO FXS_LANG_T VALUES (1, 1, 'English');
INSERT INTO FXS_LANG_T VALUES (1, 2, 'Englisch');
INSERT INTO FXS_LANG_T VALUES (2, 1, 'German');
INSERT INTO FXS_LANG_T VALUES (2, 2, 'Deutsch');
INSERT INTO FXS_LANG_T VALUES (3, 1, 'French');
-- umlaut utf8 hack
INSERT INTO FXS_LANG_T VALUES (3, 2, 'Franz'||CHAR(0xf6)||'sisch');
INSERT INTO FXS_LANG_T VALUES (4, 1, 'Italian');
INSERT INTO FXS_LANG_T VALUES (4, 2, 'Italienisch');
-- load all other known languages
-- SOURCE 0210_additional_lang.sql;


-- System data types
INSERT INTO FXS_DATATYPES VALUES  (1,'HTML');
INSERT INTO FXS_DATATYPES_T VALUES  (1,1,TRUE,'HTML content, optionally tidied');
INSERT INTO FXS_DATATYPES_T VALUES  (1,2,FALSE,'HTML Inhalte, optional automatisch fehlerbereinigt');
INSERT INTO FXS_DATATYPES VALUES  (2,'String (1024)');
INSERT INTO FXS_DATATYPES_T VALUES  (2,1,TRUE,'String with a maximum length of 1024');
INSERT INTO FXS_DATATYPES_T VALUES  (2,2,FALSE,'Text mit einer maximalen Laenge von 1024 Zeichen');
INSERT INTO FXS_DATATYPES VALUES  (3,'Text');
INSERT INTO FXS_DATATYPES_T VALUES  (3,1,TRUE,'String with a variable length');
INSERT INTO FXS_DATATYPES_T VALUES  (3,2,FALSE,'Text mit unbegrenzter Laenge (langsamer)');
INSERT INTO FXS_DATATYPES VALUES  (4,'Number');
INSERT INTO FXS_DATATYPES_T VALUES  (4,1,TRUE,'Signed integer');
INSERT INTO FXS_DATATYPES VALUES  (5,'Large Number');
INSERT INTO FXS_DATATYPES_T VALUES  (5,1,TRUE,'Large signed integer');
INSERT INTO FXS_DATATYPES VALUES  (6,'Float');
INSERT INTO FXS_DATATYPES_T VALUES  (6,1,TRUE,'Floatingpoint number');
INSERT INTO FXS_DATATYPES VALUES  (7,'Double');
INSERT INTO FXS_DATATYPES_T VALUES  (7,1,TRUE,'Large floatingpoint number');
INSERT INTO FXS_DATATYPES VALUES  (8,'Date');
INSERT INTO FXS_DATATYPES_T VALUES  (8,1,TRUE,'Year, month, day');
INSERT INTO FXS_DATATYPES VALUES  (9,'DateTime');
INSERT INTO FXS_DATATYPES_T VALUES  (9,1,TRUE,'Year, month, day, hour, minute, second');
INSERT INTO FXS_DATATYPES VALUES  (10,'DateRange');
INSERT INTO FXS_DATATYPES_T VALUES  (10,1,TRUE,'Range of Year, month, day');
INSERT INTO FXS_DATATYPES VALUES  (11,'DateTimeRange');
INSERT INTO FXS_DATATYPES_T VALUES  (11,1,TRUE,'Range of Year, month, day, hour, minute, second');
INSERT INTO FXS_DATATYPES VALUES  (12,'Boolean');
INSERT INTO FXS_DATATYPES_T VALUES  (12,1,TRUE,'Boolean (Yes/No)');
INSERT INTO FXS_DATATYPES VALUES  (13,'Binary');
INSERT INTO FXS_DATATYPES_T VALUES  (13,1,TRUE,'Binary (Any binary info)');
INSERT INTO FXS_DATATYPES VALUES  (14,'Type reference');
INSERT INTO FXS_DATATYPES_T VALUES  (14,1,TRUE,'Reference to another Type (1:n)');
INSERT INTO FXS_DATATYPES VALUES  (15,'Inline type reference');
INSERT INTO FXS_DATATYPES_T VALUES  (15,1,TRUE,'InlineReference to another Type (1:n)');
INSERT INTO FXS_DATATYPES VALUES  (16,'SelectList');
INSERT INTO FXS_DATATYPES_T VALUES  (16,1,TRUE,'SelectList with one selectable entry');
INSERT INTO FXS_DATATYPES VALUES  (17,'Multiple SelectList');
INSERT INTO FXS_DATATYPES_T VALUES  (17,1,TRUE,'SelectList with many selectable entries');

-- System mandators
INSERT INTO FXS_MANDATOR (ID,NAME,METADATA,IS_ACTIVE,CREATED_BY,CREATED_AT,MODIFIED_BY,MODIFIED_AT)
  VALUES (0,'Default',null,TRUE,2,TIMEMILLIS(NOW()),2,TIMEMILLIS(NOW()));

-- System accounts
INSERT INTO FXS_ACCOUNTS VALUES
(1,0,'Guest','5118096a09cd3d7c641a6ed779bfb053799d5f1d','guest@flexive.com',null,
TIMEMILLIS(NOW()),TIMEMILLIS('2020-01-01 00:00:00'),'', 1,TIMEMILLIS(NOW()),1,TIMEMILLIS(NOW()),TRUE,TRUE,1,'Guest',TRUE,null,null);

INSERT INTO FXS_ACCOUNTS VALUES
(2,0,'SUPERVISOR','86e826da9d415a777c0b6bd371e40a7a5b8fa1f9','supervisor@flexive.com',null,
TIMEMILLIS(NOW()),TIMEMILLIS('2020-01-01 00:00:00'),'', 1,TIMEMILLIS(NOW()),1,TIMEMILLIS(NOW()),TRUE,TRUE,1,'SUPERVISOR',FALSE,null,null);

INSERT INTO FXS_ACCOUNTS VALUES
(3,0,'NULL_ACCOUNT','','null@flexive.com',null, TIMEMILLIS(NOW()),TIMEMILLIS('2020-01-01 00:00:00'),'',
1,TIMEMILLIS(NOW()),1,TIMEMILLIS(NOW()),TRUE,TRUE,1,'NULL_ACCOUNT',TRUE,null,null);

-- Default groups
INSERT INTO FXS_USERGROUPS VALUES (1,0,NULL,TRUE,'Everyone','#0000AA',2,TIMEMILLIS(NOW()),2,TIMEMILLIS(NOW()));
INSERT INTO FXS_USERGROUPS VALUES (2,0,NULL,TRUE,'Owner','#0000AA',2,TIMEMILLIS(NOW()),2,TIMEMILLIS(NOW()));
INSERT INTO FXS_USERGROUPS VALUES (3,0,NULL,TRUE,'NULL_GROUP','#0000AA',2,TIMEMILLIS(NOW()),2,TIMEMILLIS(NOW()));

INSERT INTO FXS_USERGROUPMEMBERS VALUES(1,1);
INSERT INTO FXS_USERGROUPMEMBERS VALUES(2,1);

-- ACL for system internal properties like ID,VERSION,...
INSERT INTO FXS_ACL VALUES (1, 0, 'System Property ACL', 'ACL for system internal properties like ID or VERSION - readonly and readable for everyone', 2, '#CC0000', 2, TIMEMILLIS(NOW()), 2, TIMEMILLIS(NOW()));
INSERT INTO FXS_ACL_T VALUES (1, 1, TRUE, 'System Property ACL');
INSERT INTO FXS_ACL_T VALUES (1, 2, FALSE, 'System Felder ACL');
-- Assign group everyone to system property ACL, readonly
INSERT INTO FXS_ACLASSIGNMENTS VALUES (1, 1, FALSE, FALSE, TRUE, TRUE, TRUE, TRUE, 1, TIMEMILLIS(NOW()), 1, TIMEMILLIS(NOW()));
-- Assign group "owner" to system property ACL, read and editable
INSERT INTO FXS_ACLASSIGNMENTS VALUES (2, 1, TRUE, FALSE, FALSE, FALSE, TRUE, FALSE, 1, TIMEMILLIS(NOW()), 1, TIMEMILLIS(NOW()));


-- Default Instance ACL
INSERT INTO FXS_ACL VALUES (2, 0, 'Default Instance ACL', 'Default ACL for content instances', 1, '#0000AA', 2, TIMEMILLIS(NOW()), 1, TIMEMILLIS(NOW()));
INSERT INTO FXS_ACL_T VALUES (2, 1, TRUE, 'Default ACL for content instances (may create, read and edit)');
INSERT INTO FXS_ACL_T VALUES (2, 2, FALSE, 'Standard ACL fuer contents (Erstellen, Lese- und Bearbeitenberechtigung)');
-- Assign group everyone to default content ACL, read/edit/create/export
INSERT INTO FXS_ACLASSIGNMENTS VALUES (1, 2, TRUE, FALSE, TRUE, FALSE, TRUE, TRUE, 1, TIMEMILLIS(NOW()), 1, TIMEMILLIS(NOW()));
-- Assign group "owner" to Default Instance ACL, read/edit/delete
INSERT INTO FXS_ACLASSIGNMENTS VALUES (2, 2, TRUE, TRUE, FALSE, FALSE, TRUE, FALSE, 1, TIMEMILLIS(NOW()), 1, TIMEMILLIS(NOW()));


-- Default Workflow ACL
INSERT INTO FXS_ACL VALUES(3, 0, 'Default Workflow ACL', 'Default Workflow ACL', 3, '#0000AA', 2, TIMEMILLIS(NOW()), 1, TIMEMILLIS(NOW()));
INSERT INTO FXS_ACL_T VALUES (3, 1, TRUE, 'Default Workflow ACL');
-- Assign group everyone to default workflow ACL, read/edit/create/export
INSERT INTO FXS_ACLASSIGNMENTS VALUES (1, 3, TRUE, FALSE, TRUE, FALSE, TRUE, TRUE, 1, TIMEMILLIS(NOW()), 1, TIMEMILLIS(NOW()));
-- Assign group "owner" to Default Workflow ACL, read/edit/delete
INSERT INTO FXS_ACLASSIGNMENTS VALUES (2, 3, TRUE, TRUE, FALSE, FALSE, TRUE, FALSE, 1, TIMEMILLIS(NOW()), 1, TIMEMILLIS(NOW()));


-- Public Briefcase ACL
INSERT INTO FXS_ACL VALUES(4, 0, 'Public Briefcase', 'A Briefcase that is shared among all users', 4, '#0000AA', 2, TIMEMILLIS(NOW()), 1, TIMEMILLIS(NOW()));
INSERT INTO FXS_ACL_T VALUES (4, 1, TRUE, 'Public Briefcase');
-- Assign group everyone to the public briefcase ACL
INSERT INTO FXS_ACLASSIGNMENTS VALUES (1, 4, TRUE, TRUE, TRUE, TRUE, TRUE, TRUE, 1, TIMEMILLIS(NOW()), 1, TIMEMILLIS(NOW()));

-- Default SelectList ACL
INSERT INTO FXS_ACL VALUES(5, 0, 'Default SelectList Create', 'Default SelectLists ACL for deciding if item creation is allowed', 5, '#0000AA', 2, TIMEMILLIS(NOW()), 1, TIMEMILLIS(NOW()));
INSERT INTO FXS_ACL_T VALUES (5, 1, TRUE, 'Default SelectList Create');
-- Assign group everyone to the public SelectList ACL (everyone may create items)
INSERT INTO FXS_ACLASSIGNMENTS VALUES (1, 5, FALSE, TRUE, FALSE, FALSE, FALSE, TRUE, 1, TIMEMILLIS(NOW()), 1, TIMEMILLIS(NOW()));

-- Default SelectList Item ACL
INSERT INTO FXS_ACL VALUES(6, 0, 'Default SelectList Item', 'Default SelectLists item ACL for deciding if an item may be read, selected, deselected', 6, '#0000AA', 2, TIMEMILLIS(NOW()), 1, TIMEMILLIS(NOW()));
INSERT INTO FXS_ACL_T VALUES (6, 1, TRUE, 'Default SelectList item');
-- Assign group everyone to the public SelectList item ACL (everyone may read, select and deselect items)
INSERT INTO FXS_ACLASSIGNMENTS VALUES (1, 6, TRUE, TRUE, FALSE, FALSE, TRUE, TRUE, 1, TIMEMILLIS(NOW()), 1, TIMEMILLIS(NOW()));


-- Default Structure ACL
INSERT INTO FXS_ACL VALUES (7, 0, 'Default Structure ACL', 'Default ACL for types, properties and property assignments', 2, '#0000AA', 2, TIMEMILLIS(NOW()), 2, TIMEMILLIS(NOW()));
INSERT INTO FXS_ACL_T VALUES (7, 1, TRUE, 'Default structure ACL');
INSERT INTO FXS_ACL_T VALUES (7, 2, FALSE, 'Struktur ACL');
-- Assign group everyone to Default Structure ACL
INSERT INTO FXS_ACLASSIGNMENTS VALUES (1, 7, TRUE, FALSE, TRUE, FALSE, TRUE, TRUE, 1, TIMEMILLIS(NOW()), 1, TIMEMILLIS(NOW()));
-- Assign group "owner" to Default Structure ACL, read/edit/delete
INSERT INTO FXS_ACLASSIGNMENTS VALUES (2, 7, TRUE, TRUE, FALSE, FALSE, TRUE, FALSE, 1, TIMEMILLIS(NOW()), 1, TIMEMILLIS(NOW()));


-- Contact Data ACL
INSERT INTO FXS_ACL VALUES (8, 0, 'Contact Data ACL', 'Default ACL for contact data. Permits users to edit their own contact data', 1, '#0000AA', 2, TIMEMILLIS(NOW()), 2, TIMEMILLIS(NOW()));
INSERT INTO FXS_ACL_T VALUES (8, 1, TRUE, 'Default Contact Data ACL');
INSERT INTO FXS_ACL_T VALUES (8, 2, FALSE, 'Kontaktdaten ACL');
-- Assign group "owner" to Contact Data ACL, read and editable
INSERT INTO FXS_ACLASSIGNMENTS VALUES (2, 8, TRUE, FALSE, FALSE, FALSE, TRUE, FALSE, 1, TIMEMILLIS(NOW()), 1, TIMEMILLIS(NOW()));


-- System Select List (needed for ref. integrity)
INSERT INTO FXS_SELECTLIST(ID,PARENTID,NAME,ALLOW_ITEM_CREATE,ACL_CREATE_ITEM,ACL_ITEM_NEW)VALUES
  (0, NULL, 'SYSTEMLIST', FALSE, 5, 6);
INSERT INTO FXS_SELECTLIST_T(ID,LANG,LABEL,DESCRIPTION)VALUES(0,1,'System List','System internal list. Can not be altered!');
INSERT INTO FXS_SELECTLIST_ITEM(ID,ACL,PARENTID,LISTID,NAME,DATA,COLOR,CREATED_BY,CREATED_AT,MODIFIED_BY,MODIFIED_AT,DBIN_ID,DBIN_VER,DBIN_QUALITY)VALUES
  (0,6,NULL,0,'System Internal','','000000',0,TIMEMILLIS(NOW()),0,TIMEMILLIS(NOW()),NULL,NULL,NULL);

-- Default Workflow steps
INSERT INTO FXS_WF_STEPDEFS (ID,NAME,UNIQUE_TARGET) VALUES (2,'Edit',null);
INSERT INTO FXS_WF_STEPDEFS (ID,NAME,UNIQUE_TARGET) VALUES (1,'Live',2);

INSERT INTO FXS_WF_STEPDEFS_T (ID,LANG,DEFLANG,NAME) VALUES (1,1,TRUE,'Live');
INSERT INTO FXS_WF_STEPDEFS_T (ID,LANG,DEFLANG,NAME) VALUES (1,2,FALSE,'Freigeschaltet');
INSERT INTO FXS_WF_STEPDEFS_T (ID,LANG,DEFLANG,NAME) VALUES (2,1,TRUE,'Edit');
INSERT INTO FXS_WF_STEPDEFS_T (ID,LANG,DEFLANG,NAME) VALUES (2,2,FALSE,'Editieren');

-- Default Workflow
INSERT INTO FXS_WORKFLOWS (ID,NAME,DESCRIPTION) VALUES (1,'Default','Default Workflow');
INSERT INTO FXS_WF_STEPS(ID,STEPDEF,WORKFLOW,ACL) VALUES (0,1,1,3);
INSERT INTO FXS_WF_STEPS(ID,STEPDEF,WORKFLOW,ACL) VALUES (1,2,1,3);
INSERT INTO FXS_WF_ROUTES(ID,FROM_STEP,TO_STEP,USERGROUP) VALUES (1,1,0,1);
INSERT INTO FXS_WF_ROUTES(ID,FROM_STEP,TO_STEP,USERGROUP) VALUES (2,0,1,1);

-- System ROOT type
INSERT INTO FXS_TYPEDEF (ID, ACL, WORKFLOW, NAME, PARENT, STORAGE_MODE, CATEGORY, TYPE_MODE, LANG_MODE,
  TYPE_STATE, SECURITY_MODE, TRACKHISTORY, HISTORY_AGE, MAX_VERSIONS, REL_TOTAL_MAXSRC, REL_TOTAL_MAXDST,
  CREATED_BY, CREATED_AT, MODIFIED_BY, MODIFIED_AT) VALUES (0, 2, 1, 'ROOT', NULL, 1, 0, 0, 2,
  0, 0, FALSE, 0, 0, 0, 0,
  2, TIMEMILLIS(NOW()), 2, TIMEMILLIS(NOW()));

-- Virtual root group assignment (just needed to avoid foreign key conflicts)
-- INSERT INTO FXS_ASSIGNMENTS (ID, ATYPE, ENABLED, TYPEDEF, MINMULT, MAXMULT, POS, XPATH, XALIAS,
--   BASE, PARENTGROUP, AGROUP) VALUES (
--   0, 0, TRUE, 0, 1, 1, 0, 'ROOT/', '/',
--   null, 0, null);

-- System properties ...
-- ROOT/ID (ID is a very special assignment - its needed to satisfy foreign key constraints for the virtual root group too ...)
INSERT INTO FXS_TYPEPROPS (ID, NAME, SYSINTERNAL, DEFMINMULT, DEFMAXMULT, MAYOVERRIDEMULT, ACL, MAYOVERRIDEACL,
  DATATYPE, REFTYPE, ISFULLTEXTINDEXED) VALUES
  (0/*ID*/, 'ID', TRUE, 1, 1, FALSE, 1, TRUE,
  5/*DATATYPE*/, null, FALSE);
INSERT INTO FXS_PROP_OPT(OPTKEY,ID,MAYOVERRIDE,OPTVALUE)VALUES('SHOW.OVERVIEW',0,TRUE,'1');
INSERT INTO FXS_PROP_OPT(OPTKEY,ID,MAYOVERRIDE,OPTVALUE)VALUES('SEARCHABLE',0,TRUE,'1');
INSERT INTO FXS_PROP_OPT(OPTKEY,ID,MAYOVERRIDE,OPTVALUE)VALUES('MULTILANG',0,FALSE,'0');
INSERT INTO FXS_ASSIGNMENTS (ID, ATYPE, ENABLED, TYPEDEF, MINMULT, MAXMULT, DEFMULT, POS, XPATH, XALIAS,
  BASE, PARENTGROUP, AGROUP, APROPERTY, ACL, SYSINTERNAL) VALUES (
   0/*ID*/, 1, TRUE, 0, 1, 1, 1, 0/*POS*/, 'ROOT/ID', 'ID',
   null, 0, null, 0/*PropertyId*/, 1, TRUE);
INSERT INTO FXS_TYPEPROPS_T (ID, LANG, DESCRIPTION, HINT ) VALUES (
   0/*ID*/, 1, 'Unique Identifier', 'Unique Identifier');
INSERT INTO FXS_TYPEPROPS_T (ID, LANG, DESCRIPTION, HINT ) VALUES (
   0/*ID*/, 2, 'ID', 'ID');
INSERT INTO FXS_ASSIGNMENTS_T (ID, LANG, DESCRIPTION, HINT ) VALUES (
   0/*ID*/, 1, 'Unique Identifier', 'Unique Identifier');
INSERT INTO FXS_ASSIGNMENTS_T (ID, LANG, DESCRIPTION, HINT ) VALUES (
   0/*ID*/, 2, 'ID', 'ID');

-- ROOT/VERSION
INSERT INTO FXS_TYPEPROPS (ID, NAME, SYSINTERNAL, DEFMINMULT, DEFMAXMULT, MAYOVERRIDEMULT, ACL, MAYOVERRIDEACL,
  DATATYPE, REFTYPE, ISFULLTEXTINDEXED) VALUES
  (1/*ID*/, 'VERSION', TRUE, 1, 1, FALSE, 1, TRUE,
  4/*DATATYPE*/, null, FALSE);
INSERT INTO FXS_PROP_OPT(OPTKEY,ID,MAYOVERRIDE,OPTVALUE)VALUES('SHOW.OVERVIEW',1,TRUE,'1');
INSERT INTO FXS_PROP_OPT(OPTKEY,ID,MAYOVERRIDE,OPTVALUE)VALUES('SEARCHABLE',1,TRUE,'1');
INSERT INTO FXS_PROP_OPT(OPTKEY,ID,MAYOVERRIDE,OPTVALUE)VALUES('MULTILANG',1,FALSE,'0');
INSERT INTO FXS_PROP_OPT(OPTKEY,ID,MAYOVERRIDE,OPTVALUE)VALUES('HTML.EDITOR',1,FALSE,'0');
INSERT INTO FXS_ASSIGNMENTS (ID, ATYPE, ENABLED, TYPEDEF, MINMULT, MAXMULT, DEFMULT, POS, XPATH, XALIAS,
  BASE, PARENTGROUP, AGROUP, APROPERTY, ACL, SYSINTERNAL) VALUES (
   1/*ID*/, 1, TRUE, 0, 1, 1, 1, 1/*POS*/, 'ROOT/VERSION', 'VERSION',
   null, 0, null, 1/*PropertyId*/, 1, TRUE);
INSERT INTO FXS_TYPEPROPS_T (ID, LANG, DESCRIPTION, HINT ) VALUES (
   1/*ID*/, 1, 'Version', 'Version');
INSERT INTO FXS_ASSIGNMENTS_T (ID, LANG, DESCRIPTION, HINT ) VALUES (
   1/*ID*/, 1, 'Version', 'Version');

-- ROOT/TYPEDEF
INSERT INTO FXS_TYPEPROPS (ID, NAME, SYSINTERNAL, DEFMINMULT, DEFMAXMULT, MAYOVERRIDEMULT, ACL, MAYOVERRIDEACL,
  DATATYPE, REFTYPE, ISFULLTEXTINDEXED) VALUES
  (2/*ID*/, 'TYPEDEF', TRUE, 1, 1, FALSE, 1, TRUE,
  5/*DATATYPE*/, null, FALSE);
INSERT INTO FXS_PROP_OPT(OPTKEY,ID,MAYOVERRIDE,OPTVALUE)VALUES('SHOW.OVERVIEW',2,TRUE,'0');
INSERT INTO FXS_PROP_OPT(OPTKEY,ID,MAYOVERRIDE,OPTVALUE)VALUES('SEARCHABLE',2,TRUE,'1');
INSERT INTO FXS_PROP_OPT(OPTKEY,ID,MAYOVERRIDE,OPTVALUE)VALUES('MULTILANG',2,FALSE,'0');
INSERT INTO FXS_PROP_OPT(OPTKEY,ID,MAYOVERRIDE,OPTVALUE)VALUES('HTML.EDITOR',2,FALSE,'0');
INSERT INTO FXS_ASSIGNMENTS (ID, ATYPE, ENABLED, TYPEDEF, MINMULT, MAXMULT, DEFMULT, POS, XPATH, XALIAS,
  BASE, PARENTGROUP, AGROUP, APROPERTY, ACL, SYSINTERNAL) VALUES (
   2/*ID*/, 1, TRUE, 0, 1, 1, 1, 2/*POS*/, 'ROOT/TYPEDEF', 'TYPEDEF',
   null, 0, null, 2/*PropertyId*/, 1, TRUE);
INSERT INTO FXS_TYPEPROPS_T (ID, LANG, DESCRIPTION, HINT ) VALUES (
   2/*ID*/, 1, 'Type', 'FxType Identifier');
INSERT INTO FXS_TYPEPROPS_T (ID, LANG, DESCRIPTION, HINT ) VALUES (
   2/*ID*/, 2, 'Typ', 'FxType ID');
INSERT INTO FXS_ASSIGNMENTS_T (ID, LANG, DESCRIPTION, HINT ) VALUES (
   2/*ID*/, 1, 'Type', 'FxType Identifier');
INSERT INTO FXS_ASSIGNMENTS_T (ID, LANG, DESCRIPTION, HINT ) VALUES (
   2/*ID*/, 2, 'Typ', 'FxType ID');


-- ROOT/MANDATOR
INSERT INTO FXS_TYPEPROPS (ID, NAME, SYSINTERNAL, DEFMINMULT, DEFMAXMULT, MAYOVERRIDEMULT, ACL, MAYOVERRIDEACL,
  DATATYPE, REFTYPE, ISFULLTEXTINDEXED) VALUES
  (3/*ID*/, 'MANDATOR', TRUE, 1, 1, FALSE, 1, TRUE,
  5/*DATATYPE*/, null, FALSE);
INSERT INTO FXS_PROP_OPT(OPTKEY,ID,MAYOVERRIDE,OPTVALUE)VALUES('SHOW.OVERVIEW',3,TRUE,'0');
INSERT INTO FXS_PROP_OPT(OPTKEY,ID,MAYOVERRIDE,OPTVALUE)VALUES('SEARCHABLE',3,TRUE,'1');
INSERT INTO FXS_PROP_OPT(OPTKEY,ID,MAYOVERRIDE,OPTVALUE)VALUES('MULTILANG',3,FALSE,'0');
INSERT INTO FXS_PROP_OPT(OPTKEY,ID,MAYOVERRIDE,OPTVALUE)VALUES('HTML.EDITOR',3,FALSE,'0');
INSERT INTO FXS_ASSIGNMENTS (ID, ATYPE, ENABLED, TYPEDEF, MINMULT, MAXMULT, DEFMULT, POS, XPATH, XALIAS,
  BASE, PARENTGROUP, AGROUP, APROPERTY, ACL, SYSINTERNAL) VALUES (
   3/*ID*/, 1, TRUE, 0, 1, 1, 1, 3/*POS*/, 'ROOT/MANDATOR', 'MANDATOR',
   null, 0, null, 3/*PropertyId*/, 1, TRUE);
INSERT INTO FXS_TYPEPROPS_T (ID, LANG, DESCRIPTION, HINT ) VALUES (
   3/*ID*/, 1, 'Mandator', 'Mandator Identifier');
INSERT INTO FXS_TYPEPROPS_T (ID, LANG, DESCRIPTION, HINT ) VALUES (
   3/*ID*/, 2, 'Mandant', 'Mandanten-ID');
INSERT INTO FXS_ASSIGNMENTS_T (ID, LANG, DESCRIPTION, HINT ) VALUES (
   3/*ID*/, 1, 'Mandator', 'Mandator Identifier');
INSERT INTO FXS_ASSIGNMENTS_T (ID, LANG, DESCRIPTION, HINT ) VALUES (
   3/*ID*/, 2, 'Mandant', 'Mandanten-ID');

-- ROOT/ACL
INSERT INTO FXS_TYPEPROPS (ID, NAME, SYSINTERNAL, DEFMINMULT, DEFMAXMULT, MAYOVERRIDEMULT, ACL, MAYOVERRIDEACL,
  DATATYPE, REFTYPE, ISFULLTEXTINDEXED) VALUES
  (4/*ID*/, 'ACL', TRUE, 1, 1, FALSE, 1, TRUE,
  5/*DATATYPE*/, null, FALSE);
INSERT INTO FXS_PROP_OPT(OPTKEY,ID,MAYOVERRIDE,OPTVALUE)VALUES('SHOW.OVERVIEW',4,TRUE,'0');
INSERT INTO FXS_PROP_OPT(OPTKEY,ID,MAYOVERRIDE,OPTVALUE)VALUES('SEARCHABLE',4,TRUE,'1');
INSERT INTO FXS_PROP_OPT(OPTKEY,ID,MAYOVERRIDE,OPTVALUE)VALUES('MULTILANG',4,FALSE,'0');
INSERT INTO FXS_PROP_OPT(OPTKEY,ID,MAYOVERRIDE,OPTVALUE)VALUES('HTML.EDITOR',4,FALSE,'0');
INSERT INTO FXS_ASSIGNMENTS (ID, ATYPE, ENABLED, TYPEDEF, MINMULT, MAXMULT, DEFMULT, POS, XPATH, XALIAS,
  BASE, PARENTGROUP, AGROUP, APROPERTY, ACL, SYSINTERNAL) VALUES (
   4/*ID*/, 1, TRUE, 0, 1, 1, 1, 4/*POS*/, 'ROOT/ACL', 'ACL',
   null, 0, null, 4/*PropertyId*/, 1, TRUE);
INSERT INTO FXS_TYPEPROPS_T (ID, LANG, DESCRIPTION, HINT ) VALUES (
   4/*ID*/, 1, 'ACL', 'Access Control List Identifier');
INSERT INTO FXS_TYPEPROPS_T (ID, LANG, DESCRIPTION, HINT ) VALUES (
   4/*ID*/, 2, 'ACL', 'Access Control List ID');
INSERT INTO FXS_ASSIGNMENTS_T (ID, LANG, DESCRIPTION, HINT ) VALUES (
   4/*ID*/, 1, 'ACL', 'Access Control List Identifier');
INSERT INTO FXS_ASSIGNMENTS_T (ID, LANG, DESCRIPTION, HINT ) VALUES (
   4/*ID*/, 2, 'ACL', 'Access Control List ID');

-- ROOT/STEP
INSERT INTO FXS_TYPEPROPS (ID, NAME, SYSINTERNAL, DEFMINMULT, DEFMAXMULT, MAYOVERRIDEMULT, ACL, MAYOVERRIDEACL,
  DATATYPE, REFTYPE, ISFULLTEXTINDEXED) VALUES
  (5/*ID*/, 'STEP', TRUE, 1, 1, FALSE, 1, TRUE,
  5/*DATATYPE*/, null, FALSE);
INSERT INTO FXS_PROP_OPT(OPTKEY,ID,MAYOVERRIDE,OPTVALUE)VALUES('SHOW.OVERVIEW',5,TRUE,'0');
INSERT INTO FXS_PROP_OPT(OPTKEY,ID,MAYOVERRIDE,OPTVALUE)VALUES('SEARCHABLE',5,TRUE,'1');
INSERT INTO FXS_PROP_OPT(OPTKEY,ID,MAYOVERRIDE,OPTVALUE)VALUES('MULTILANG',5,FALSE,'0');
INSERT INTO FXS_PROP_OPT(OPTKEY,ID,MAYOVERRIDE,OPTVALUE)VALUES('HTML.EDITOR',5,FALSE,'0');
INSERT INTO FXS_ASSIGNMENTS (ID, ATYPE, ENABLED, TYPEDEF, MINMULT, MAXMULT, DEFMULT, POS, XPATH, XALIAS,
  BASE, PARENTGROUP, AGROUP, APROPERTY, ACL, SYSINTERNAL) VALUES (
   5/*ID*/, 1, TRUE, 0, 1, 1, 1, 5/*POS*/, 'ROOT/STEP', 'STEP',
   null, 0, null, 5/*PropertyId*/, 1, TRUE);
INSERT INTO FXS_TYPEPROPS_T (ID, LANG, DESCRIPTION, HINT ) VALUES (
   5/*ID*/, 1, 'Workflow Step', 'Workflow Step Identifier');
INSERT INTO FXS_TYPEPROPS_T (ID, LANG, DESCRIPTION, HINT ) VALUES (
   5/*ID*/, 2, 'Workflow-Schritt', 'Workflow Schritt ID');
INSERT INTO FXS_ASSIGNMENTS_T (ID, LANG, DESCRIPTION, HINT ) VALUES (
   5/*ID*/, 1, 'Workflow Step', 'Workflow Step Identifier');
INSERT INTO FXS_ASSIGNMENTS_T (ID, LANG, DESCRIPTION, HINT ) VALUES (
   5/*ID*/, 2, 'Workflow-Schritt', 'Workflow Schritt ID');

-- ROOT/MAX_VER
INSERT INTO FXS_TYPEPROPS (ID, NAME, SYSINTERNAL, DEFMINMULT, DEFMAXMULT, MAYOVERRIDEMULT, ACL, MAYOVERRIDEACL,
  DATATYPE, REFTYPE, ISFULLTEXTINDEXED) VALUES
  (6/*ID*/, 'MAX_VER', TRUE, 1, 1, FALSE, 1, TRUE,
  4/*DATATYPE*/, null, FALSE);
INSERT INTO FXS_PROP_OPT(OPTKEY,ID,MAYOVERRIDE,OPTVALUE)VALUES('SHOW.OVERVIEW',6,TRUE,'0');
INSERT INTO FXS_PROP_OPT(OPTKEY,ID,MAYOVERRIDE,OPTVALUE)VALUES('SEARCHABLE',6,TRUE,'1');
INSERT INTO FXS_PROP_OPT(OPTKEY,ID,MAYOVERRIDE,OPTVALUE)VALUES('MULTILANG',6,FALSE,'0');
INSERT INTO FXS_PROP_OPT(OPTKEY,ID,MAYOVERRIDE,OPTVALUE)VALUES('HTML.EDITOR',6,FALSE,'0');
INSERT INTO FXS_ASSIGNMENTS (ID, ATYPE, ENABLED, TYPEDEF, MINMULT, MAXMULT, DEFMULT, POS, XPATH, XALIAS,
  BASE, PARENTGROUP, AGROUP, APROPERTY, ACL, SYSINTERNAL) VALUES (
   6/*ID*/, 1, TRUE, 0, 1, 1, 1, 6/*POS*/, 'ROOT/MAX_VER', 'MAX_VER',
   null, 0, null, 6/*PropertyId*/, 1, TRUE);
INSERT INTO FXS_TYPEPROPS_T (ID, LANG, DESCRIPTION, HINT ) VALUES (
   6/*ID*/, 1, 'Maximum Version', 'The highest (maximum) version that exists of the instance');
INSERT INTO FXS_TYPEPROPS_T (ID, LANG, DESCRIPTION, HINT ) VALUES (
   6/*ID*/, 2, 'Maximale Version', 'Die maximale Version der Instanz');
INSERT INTO FXS_ASSIGNMENTS_T (ID, LANG, DESCRIPTION, HINT ) VALUES (
   6/*ID*/, 1, 'Maximum Version', 'The highest (maximum) version that exists of the instance');
INSERT INTO FXS_ASSIGNMENTS_T (ID, LANG, DESCRIPTION, HINT ) VALUES (
   6/*ID*/, 2, 'Maximale Version', 'Die maximale Version der Instanz');

-- ROOT/LIVE_VER
INSERT INTO FXS_TYPEPROPS (ID, NAME, SYSINTERNAL, DEFMINMULT, DEFMAXMULT, MAYOVERRIDEMULT, ACL, MAYOVERRIDEACL,
  DATATYPE, REFTYPE, ISFULLTEXTINDEXED) VALUES
  (7/*ID*/, 'LIVE_VER', TRUE, 1, 1, FALSE, 1, TRUE,
  4/*DATATYPE*/, null, FALSE);
INSERT INTO FXS_PROP_OPT(OPTKEY,ID,MAYOVERRIDE,OPTVALUE)VALUES('SHOW.OVERVIEW',7,TRUE,'0');
INSERT INTO FXS_PROP_OPT(OPTKEY,ID,MAYOVERRIDE,OPTVALUE)VALUES('SEARCHABLE',7,TRUE,'1');
INSERT INTO FXS_PROP_OPT(OPTKEY,ID,MAYOVERRIDE,OPTVALUE)VALUES('MULTILANG',7,FALSE,'0');
INSERT INTO FXS_PROP_OPT(OPTKEY,ID,MAYOVERRIDE,OPTVALUE)VALUES('HTML.EDITOR',7,FALSE,'0');
INSERT INTO FXS_ASSIGNMENTS (ID, ATYPE, ENABLED, TYPEDEF, MINMULT, MAXMULT, DEFMULT, POS, XPATH, XALIAS,
  BASE, PARENTGROUP, AGROUP, APROPERTY, ACL, SYSINTERNAL) VALUES (
   7/*ID*/, 1, TRUE, 0, 1, 1, 1, 7/*POS*/, 'ROOT/LIVE_VER', 'LIVE_VER',
   null, 0, null, 7/*PropertyId*/, 1, TRUE);
INSERT INTO FXS_TYPEPROPS_T (ID, LANG, DESCRIPTION, HINT ) VALUES (
   7/*ID*/, 1, 'Live Version', 'The version of this instance whose workflow step is set to LIVE or 0 if no such version exists');
INSERT INTO FXS_TYPEPROPS_T (ID, LANG, DESCRIPTION, HINT ) VALUES (
   7/*ID*/, 2, 'Live Version', 'Die Version dieser Instanz, die sich im Workflow-Schritt LIVE befindet, oder 0, wenn es keine Version gibt.');
INSERT INTO FXS_ASSIGNMENTS_T (ID, LANG, DESCRIPTION, HINT ) VALUES (
   7/*ID*/, 1, 'Live Version', 'The version of this instance whose workflow step is set to LIVE or 0 if no such version exists');
INSERT INTO FXS_ASSIGNMENTS_T (ID, LANG, DESCRIPTION, HINT ) VALUES (
   7/*ID*/, 2, 'Live Version', 'Die Version dieser Instanz, die sich im Workflow-Schritt LIVE befindet, oder 0, wenn es keine Version gibt.');

-- ROOT/ISMAX_VER
INSERT INTO FXS_TYPEPROPS (ID, NAME, SYSINTERNAL, DEFMINMULT, DEFMAXMULT, MAYOVERRIDEMULT, ACL, MAYOVERRIDEACL,
  DATATYPE, REFTYPE, ISFULLTEXTINDEXED) VALUES
  (8/*ID*/, 'ISMAX_VER', TRUE, 1, 1, FALSE, 1, TRUE,
  12/*DATATYPE*/, null, FALSE);
INSERT INTO FXS_PROP_OPT(OPTKEY,ID,MAYOVERRIDE,OPTVALUE)VALUES('SHOW.OVERVIEW',8,TRUE,'0');
INSERT INTO FXS_PROP_OPT(OPTKEY,ID,MAYOVERRIDE,OPTVALUE)VALUES('SEARCHABLE',8,TRUE,'1');
INSERT INTO FXS_PROP_OPT(OPTKEY,ID,MAYOVERRIDE,OPTVALUE)VALUES('MULTILANG',8,FALSE,'0');
INSERT INTO FXS_PROP_OPT(OPTKEY,ID,MAYOVERRIDE,OPTVALUE)VALUES('HTML.EDITOR',8,FALSE,'0');
INSERT INTO FXS_ASSIGNMENTS (ID, ATYPE, ENABLED, TYPEDEF, MINMULT, MAXMULT, DEFMULT, POS, XPATH, XALIAS,
  BASE, PARENTGROUP, AGROUP, APROPERTY, ACL, SYSINTERNAL) VALUES (
   8/*ID*/, 1, TRUE, 0, 1, 1, 1, 8/*POS*/, 'ROOT/ISMAX_VER', 'ISMAX_VER',
   null, 0, null, 8/*PropertyId*/, 1, TRUE);
INSERT INTO FXS_TYPEPROPS_T (ID, LANG, DESCRIPTION, HINT ) VALUES (
   8/*ID*/, 1, 'Is Maximum Version', 'Is this version the maximum version of the instance?');
INSERT INTO FXS_TYPEPROPS_T (ID, LANG, DESCRIPTION, HINT ) VALUES (
   8/*ID*/, 2, 'Ist maximale Version', 'Ist diese Version die maximale Version dieser Instanz?');
INSERT INTO FXS_ASSIGNMENTS_T (ID, LANG, DESCRIPTION, HINT ) VALUES (
   8/*ID*/, 1, 'Is Maximum Version', 'Is this version the maximum version of the instance?');
INSERT INTO FXS_ASSIGNMENTS_T (ID, LANG, DESCRIPTION, HINT ) VALUES (
   8/*ID*/, 2, 'Ist maximale Version', 'Ist diese Version die maximale Version dieser Instanz?');

-- ROOT/ISLIVE_VER
INSERT INTO FXS_TYPEPROPS (ID, NAME, SYSINTERNAL, DEFMINMULT, DEFMAXMULT, MAYOVERRIDEMULT, ACL, MAYOVERRIDEACL,
  DATATYPE, REFTYPE, ISFULLTEXTINDEXED) VALUES
  (9/*ID*/, 'ISLIVE_VER', TRUE, 1, 1, FALSE, 1, TRUE,
  12/*DATATYPE*/, null, FALSE);
INSERT INTO FXS_PROP_OPT(OPTKEY,ID,MAYOVERRIDE,OPTVALUE)VALUES('SHOW.OVERVIEW',9,TRUE,'0');
INSERT INTO FXS_PROP_OPT(OPTKEY,ID,MAYOVERRIDE,OPTVALUE)VALUES('SEARCHABLE',9,TRUE,'1');
INSERT INTO FXS_PROP_OPT(OPTKEY,ID,MAYOVERRIDE,OPTVALUE)VALUES('MULTILANG',9,FALSE,'0');
INSERT INTO FXS_PROP_OPT(OPTKEY,ID,MAYOVERRIDE,OPTVALUE)VALUES('HTML.EDITOR',9,FALSE,'0');
INSERT INTO FXS_ASSIGNMENTS (ID, ATYPE, ENABLED, TYPEDEF, MINMULT, MAXMULT, DEFMULT, POS, XPATH, XALIAS,
  BASE, PARENTGROUP, AGROUP, APROPERTY, ACL, SYSINTERNAL) VALUES (
   9/*ID*/, 1, TRUE, 0, 1, 1, 1, 9/*POS*/, 'ROOT/ISLIVE_VER', 'ISLIVE_VER',
   null, 0, null, 9/*PropertyId*/, 1, TRUE);
INSERT INTO FXS_TYPEPROPS_T (ID, LANG, DESCRIPTION, HINT ) VALUES (
   9/*ID*/, 1, 'Is Live Version', 'Is this version the live version of the instance?');
INSERT INTO FXS_TYPEPROPS_T (ID, LANG, DESCRIPTION, HINT ) VALUES (
   9/*ID*/, 2, 'Ist Live Version', 'Ist diese Version die maximale Version dieser Instanz?');
INSERT INTO FXS_ASSIGNMENTS_T (ID, LANG, DESCRIPTION, HINT ) VALUES (
   9/*ID*/, 1, 'Is Live version', 'Is this version the live version of the instance?');
INSERT INTO FXS_ASSIGNMENTS_T (ID, LANG, DESCRIPTION, HINT ) VALUES (
   9/*ID*/, 2, 'Ist Live Version', 'Ist diese Version die maximale Version dieser Instanz?');

-- ROOT/ISACTIVE
INSERT INTO FXS_TYPEPROPS (ID, NAME, SYSINTERNAL, DEFMINMULT, DEFMAXMULT, MAYOVERRIDEMULT, ACL, MAYOVERRIDEACL,
  DATATYPE, REFTYPE, ISFULLTEXTINDEXED) VALUES
  (10/*ID*/, 'ISACTIVE', TRUE, 1, 1, FALSE, 1, TRUE,
  12/*DATATYPE*/, null, FALSE);
INSERT INTO FXS_PROP_OPT(OPTKEY,ID,MAYOVERRIDE,OPTVALUE)VALUES('SHOW.OVERVIEW',10,TRUE,'0');
INSERT INTO FXS_PROP_OPT(OPTKEY,ID,MAYOVERRIDE,OPTVALUE)VALUES('SEARCHABLE',10,TRUE,'1');
INSERT INTO FXS_PROP_OPT(OPTKEY,ID,MAYOVERRIDE,OPTVALUE)VALUES('MULTILANG',10,FALSE,'0');
INSERT INTO FXS_PROP_OPT(OPTKEY,ID,MAYOVERRIDE,OPTVALUE)VALUES('HTML.EDITOR',10,FALSE,'0');
INSERT INTO FXS_ASSIGNMENTS (ID, ATYPE, ENABLED, TYPEDEF, MINMULT, MAXMULT, DEFMULT, POS, XPATH, XALIAS,
  BASE, PARENTGROUP, AGROUP, APROPERTY, ACL, SYSINTERNAL) VALUES (
   10/*ID*/, 1, TRUE, 0, 1, 1, 1, 10/*POS*/, 'ROOT/ISACTIVE', 'ISACTIVE',
   null, 0, null, 10/*PropertyId*/, 1, TRUE);
INSERT INTO FXS_TYPEPROPS_T (ID, LANG, DESCRIPTION, HINT ) VALUES (
   10/*ID*/, 1, 'Active', 'Is this instance active?');
INSERT INTO FXS_TYPEPROPS_T (ID, LANG, DESCRIPTION, HINT ) VALUES (
   10/*ID*/, 2, 'Aktiv', 'Ist diese Instanz aktiv?');
INSERT INTO FXS_ASSIGNMENTS_T (ID, LANG, DESCRIPTION, HINT ) VALUES (
   10/*ID*/, 1, 'Active', 'Is this instance active?');
INSERT INTO FXS_ASSIGNMENTS_T (ID, LANG, DESCRIPTION, HINT ) VALUES (
   10/*ID*/, 2, 'Aktiv', 'Ist diese Instanz aktiv?');

-- ROOT/MAINLANG
INSERT INTO FXS_TYPEPROPS (ID, NAME, SYSINTERNAL, DEFMINMULT, DEFMAXMULT, MAYOVERRIDEMULT, ACL, MAYOVERRIDEACL,
  DATATYPE, REFTYPE, ISFULLTEXTINDEXED) VALUES
  (11/*ID*/, 'MAINLANG', TRUE, 1, 1, FALSE, 1, TRUE,
  5/*DATATYPE*/, null, FALSE);
INSERT INTO FXS_PROP_OPT(OPTKEY,ID,MAYOVERRIDE,OPTVALUE)VALUES('SHOW.OVERVIEW',11,TRUE,'0');
INSERT INTO FXS_PROP_OPT(OPTKEY,ID,MAYOVERRIDE,OPTVALUE)VALUES('SEARCHABLE',11,TRUE,'1');
INSERT INTO FXS_PROP_OPT(OPTKEY,ID,MAYOVERRIDE,OPTVALUE)VALUES('MULTILANG',11,FALSE,'0');
INSERT INTO FXS_PROP_OPT(OPTKEY,ID,MAYOVERRIDE,OPTVALUE)VALUES('HTML.EDITOR',11,FALSE,'0');
INSERT INTO FXS_ASSIGNMENTS (ID, ATYPE, ENABLED, TYPEDEF, MINMULT, MAXMULT, DEFMULT, POS, XPATH, XALIAS,
  BASE, PARENTGROUP, AGROUP, APROPERTY, ACL, SYSINTERNAL) VALUES (
   11/*ID*/, 1, TRUE, 0, 1, 1, 1, 11/*POS*/, 'ROOT/MAINLANG', 'MAINLANG',
   null, 0, null, 11/*PropertyId*/, 1, TRUE);
INSERT INTO FXS_TYPEPROPS_T (ID, LANG, DESCRIPTION, HINT ) VALUES (
   11/*ID*/, 1, 'Main Language', 'The main (primary) language');
INSERT INTO FXS_TYPEPROPS_T (ID, LANG, DESCRIPTION, HINT ) VALUES (
   11/*ID*/, 2, 'Hauptsprache', 'Die Hauptsprache dieser Instanz');
INSERT INTO FXS_ASSIGNMENTS_T (ID, LANG, DESCRIPTION, HINT ) VALUES (
   11/*ID*/, 1, 'Main Language', 'The main (primary) language');
INSERT INTO FXS_ASSIGNMENTS_T (ID, LANG, DESCRIPTION, HINT ) VALUES (
   11/*ID*/, 2, 'Hauptsprache', 'Die Hauptsprache dieser Instanz');

-- ROOT/RELSRC
INSERT INTO FXS_TYPEPROPS (ID, NAME, SYSINTERNAL, DEFMINMULT, DEFMAXMULT, MAYOVERRIDEMULT, ACL, MAYOVERRIDEACL,
  DATATYPE, REFTYPE, ISFULLTEXTINDEXED) VALUES
  (12/*ID*/, 'RELSRC', TRUE, 0, 1, FALSE, 1, TRUE,
  14/*DATATYPE*/, null, FALSE);
INSERT INTO FXS_PROP_OPT(OPTKEY,ID,MAYOVERRIDE,OPTVALUE)VALUES('SHOW.OVERVIEW',12,TRUE,'0');
INSERT INTO FXS_PROP_OPT(OPTKEY,ID,MAYOVERRIDE,OPTVALUE)VALUES('SEARCHABLE',12,FALSE,'0');
INSERT INTO FXS_PROP_OPT(OPTKEY,ID,MAYOVERRIDE,OPTVALUE)VALUES('MULTILANG',12,FALSE,'0');
INSERT INTO FXS_PROP_OPT(OPTKEY,ID,MAYOVERRIDE,OPTVALUE)VALUES('HTML.EDITOR',12,FALSE,'0');
INSERT INTO FXS_ASSIGNMENTS (ID, ATYPE, ENABLED, TYPEDEF, MINMULT, MAXMULT, DEFMULT, POS, XPATH, XALIAS,
  BASE, PARENTGROUP, AGROUP, APROPERTY, ACL, SYSINTERNAL) VALUES (
   12/*ID*/, 1, TRUE, 0, 0, 1, 1, 12/*POS*/, 'ROOT/RELSRC', 'RELSRC',
   null, 0, null, 12/*PropertyId*/, 1, TRUE);
INSERT INTO FXS_TYPEPROPS_T (ID, LANG, DESCRIPTION, HINT ) VALUES (
   12/*ID*/, 1, 'Related Source', 'Source related instance');
INSERT INTO FXS_TYPEPROPS_T (ID, LANG, DESCRIPTION, HINT ) VALUES (
   12/*ID*/, 2, 'Relation: Ursprung', 'Die Ursprungsinstanz einer Relation');
INSERT INTO FXS_ASSIGNMENTS_T (ID, LANG, DESCRIPTION, HINT ) VALUES (
   12/*ID*/, 1, 'Related Source', 'Source related instance');
INSERT INTO FXS_ASSIGNMENTS_T (ID, LANG, DESCRIPTION, HINT ) VALUES (
   12/*ID*/, 2, 'Relation: Ursprung', 'Die Ursprungsinstanz einer Relation');

-- ROOT/RELDST
INSERT INTO FXS_TYPEPROPS (ID, NAME, SYSINTERNAL, DEFMINMULT, DEFMAXMULT, MAYOVERRIDEMULT, ACL, MAYOVERRIDEACL,
  DATATYPE, REFTYPE, ISFULLTEXTINDEXED) VALUES
  (13/*ID*/, 'RELDST', TRUE, 0, 1, FALSE, 1, TRUE,
  14/*DATATYPE*/, null, FALSE);
INSERT INTO FXS_PROP_OPT(OPTKEY,ID,MAYOVERRIDE,OPTVALUE)VALUES('SHOW.OVERVIEW',13,TRUE,'0');
INSERT INTO FXS_PROP_OPT(OPTKEY,ID,MAYOVERRIDE,OPTVALUE)VALUES('SEARCHABLE',13,FALSE,'0');
INSERT INTO FXS_PROP_OPT(OPTKEY,ID,MAYOVERRIDE,OPTVALUE)VALUES('MULTILANG',13,FALSE,'0');
INSERT INTO FXS_PROP_OPT(OPTKEY,ID,MAYOVERRIDE,OPTVALUE)VALUES('HTML.EDITOR',13,FALSE,'0');
INSERT INTO FXS_ASSIGNMENTS (ID, ATYPE, ENABLED, TYPEDEF, MINMULT, MAXMULT, DEFMULT, POS, XPATH, XALIAS,
  BASE, PARENTGROUP, AGROUP, APROPERTY, ACL, SYSINTERNAL) VALUES (
   13/*ID*/, 1, TRUE, 0, 0, 1, 1, 13/*POS*/, 'ROOT/RELDST', 'RELDST',
   null, 0, null, 13/*PropertyId*/, 1, TRUE);
INSERT INTO FXS_TYPEPROPS_T (ID, LANG, DESCRIPTION, HINT ) VALUES (
   13/*ID*/, 1, 'Related Destination', 'Destination related instance');
INSERT INTO FXS_TYPEPROPS_T (ID, LANG, DESCRIPTION, HINT ) VALUES (
   13/*ID*/, 2, 'Relation: Ziel', 'Die Zielinstanz einer Relation');
INSERT INTO FXS_ASSIGNMENTS_T (ID, LANG, DESCRIPTION, HINT ) VALUES (
   13/*ID*/, 1, 'Related Destination', 'Destination related instance');
INSERT INTO FXS_ASSIGNMENTS_T (ID, LANG, DESCRIPTION, HINT ) VALUES (
   13/*ID*/, 2, 'Relation: Ziel', 'Die Zielinstanz einer Relation');

-- ROOT/RELPOS_SRC
INSERT INTO FXS_TYPEPROPS (ID, NAME, SYSINTERNAL, DEFMINMULT, DEFMAXMULT, MAYOVERRIDEMULT, ACL, MAYOVERRIDEACL,
  DATATYPE, REFTYPE, ISFULLTEXTINDEXED) VALUES
  (14/*ID*/, 'RELPOS_SRC', TRUE, 0, 1, FALSE, 1, TRUE,
  5/*DATATYPE*/, null, FALSE);
INSERT INTO FXS_PROP_OPT(OPTKEY,ID,MAYOVERRIDE,OPTVALUE)VALUES('SHOW.OVERVIEW',14,TRUE,'0');
INSERT INTO FXS_PROP_OPT(OPTKEY,ID,MAYOVERRIDE,OPTVALUE)VALUES('SEARCHABLE',14,FALSE,'0');
INSERT INTO FXS_PROP_OPT(OPTKEY,ID,MAYOVERRIDE,OPTVALUE)VALUES('MULTILANG',14,FALSE,'0');
INSERT INTO FXS_PROP_OPT(OPTKEY,ID,MAYOVERRIDE,OPTVALUE)VALUES('HTML.EDITOR',14,FALSE,'0');
INSERT INTO FXS_ASSIGNMENTS (ID, ATYPE, ENABLED, TYPEDEF, MINMULT, MAXMULT, DEFMULT, POS, XPATH, XALIAS,
  BASE, PARENTGROUP, AGROUP, APROPERTY, ACL, SYSINTERNAL) VALUES (
   14/*ID*/, 1, TRUE, 0, 0, 1, 1, 14/*POS*/, 'ROOT/RELPOS_SRC', 'RELPOS_SRC',
   null, 0, null, 14/*PropertyId*/, 1, TRUE);
INSERT INTO FXS_TYPEPROPS_T (ID, LANG, DESCRIPTION, HINT ) VALUES (
   14/*ID*/, 1, 'Related Source Position', 'Source position');
INSERT INTO FXS_TYPEPROPS_T (ID, LANG, DESCRIPTION, HINT ) VALUES (
   14/*ID*/, 2, 'Relation: Ursprungsposition', '');
INSERT INTO FXS_ASSIGNMENTS_T (ID, LANG, DESCRIPTION, HINT ) VALUES (
   14/*ID*/, 1, 'Related Source Position', 'Source position');
INSERT INTO FXS_ASSIGNMENTS_T (ID, LANG, DESCRIPTION, HINT ) VALUES (
   14/*ID*/, 2, 'Relation: Ursprungsposition', '');

-- ROOT/RELPOS_DST
INSERT INTO FXS_TYPEPROPS (ID, NAME, SYSINTERNAL, DEFMINMULT, DEFMAXMULT, MAYOVERRIDEMULT, ACL, MAYOVERRIDEACL,
  DATATYPE, REFTYPE, ISFULLTEXTINDEXED) VALUES
  (15/*ID*/, 'RELPOS_DST', TRUE, 0, 1, FALSE, 1, TRUE,
  5/*DATATYPE*/, null, FALSE);
INSERT INTO FXS_PROP_OPT(OPTKEY,ID,MAYOVERRIDE,OPTVALUE)VALUES('SHOW.OVERVIEW',15,TRUE,'0');
INSERT INTO FXS_PROP_OPT(OPTKEY,ID,MAYOVERRIDE,OPTVALUE)VALUES('SEARCHABLE',15,FALSE,'0');
INSERT INTO FXS_PROP_OPT(OPTKEY,ID,MAYOVERRIDE,OPTVALUE)VALUES('MULTILANG',15,FALSE,'0');
INSERT INTO FXS_PROP_OPT(OPTKEY,ID,MAYOVERRIDE,OPTVALUE)VALUES('HTML.EDITOR',15,FALSE,'0');
INSERT INTO FXS_ASSIGNMENTS (ID, ATYPE, ENABLED, TYPEDEF, MINMULT, MAXMULT, DEFMULT, POS, XPATH, XALIAS,
  BASE, PARENTGROUP, AGROUP, APROPERTY, ACL, SYSINTERNAL) VALUES (
   15/*ID*/, 1, TRUE, 0, 0, 1, 1, 15/*POS*/, 'ROOT/RELPOS_DST', 'RELPOS_DST',
   null, 0, null, 15/*PropertyId*/, 1, TRUE);
INSERT INTO FXS_TYPEPROPS_T (ID, LANG, DESCRIPTION, HINT ) VALUES (
   15/*ID*/, 1, 'Related Destination Position', 'Destination position');
INSERT INTO FXS_TYPEPROPS_T (ID, LANG, DESCRIPTION, HINT ) VALUES (
   15/*ID*/, 2, 'Relation: Zielposition', '');
INSERT INTO FXS_ASSIGNMENTS_T (ID, LANG, DESCRIPTION, HINT ) VALUES (
   15/*ID*/, 1, 'Related Destination Position', 'Destination position');
INSERT INTO FXS_ASSIGNMENTS_T (ID, LANG, DESCRIPTION, HINT ) VALUES (
   15/*ID*/, 2, 'Relation: Zielposition', '');

-- ROOT/CREATED_BY
INSERT INTO FXS_TYPEPROPS (ID, NAME, SYSINTERNAL, DEFMINMULT, DEFMAXMULT, MAYOVERRIDEMULT, ACL, MAYOVERRIDEACL,
  DATATYPE, REFTYPE, ISFULLTEXTINDEXED) VALUES
  (16/*ID*/, 'CREATED_BY', TRUE, 1, 1, FALSE, 1, TRUE,
  5/*DATATYPE*/, null, FALSE);
INSERT INTO FXS_PROP_OPT(OPTKEY,ID,MAYOVERRIDE,OPTVALUE)VALUES('SHOW.OVERVIEW',16,TRUE,'0');
INSERT INTO FXS_PROP_OPT(OPTKEY,ID,MAYOVERRIDE,OPTVALUE)VALUES('SEARCHABLE',16,TRUE,'1');
INSERT INTO FXS_PROP_OPT(OPTKEY,ID,MAYOVERRIDE,OPTVALUE)VALUES('MULTILANG',16,FALSE,'0');
INSERT INTO FXS_PROP_OPT(OPTKEY,ID,MAYOVERRIDE,OPTVALUE)VALUES('HTML.EDITOR',16,FALSE,'0');
INSERT INTO FXS_ASSIGNMENTS (ID, ATYPE, ENABLED, TYPEDEF, MINMULT, MAXMULT, DEFMULT, POS, XPATH, XALIAS,
  BASE, PARENTGROUP, AGROUP, APROPERTY, ACL, SYSINTERNAL) VALUES (
   16/*ID*/, 1, TRUE, 0, 1, 1, 1, 16/*POS*/, 'ROOT/CREATED_BY', 'CREATED_BY',
   null, 0, null, 16/*PropertyId*/, 1, TRUE);
INSERT INTO FXS_TYPEPROPS_T (ID, LANG, DESCRIPTION, HINT ) VALUES (
   16/*ID*/, 1, 'Created By', 'Id of the account who created the instance');
INSERT INTO FXS_TYPEPROPS_T (ID, LANG, DESCRIPTION, HINT ) VALUES (
   16/*ID*/, 2, 'Erstellt von', 'ID des Benutzers, der diese Instanz erstellt hat');
INSERT INTO FXS_ASSIGNMENTS_T (ID, LANG, DESCRIPTION, HINT ) VALUES (
   16/*ID*/, 1, 'Created By', 'Id of the account who created the instance');
INSERT INTO FXS_ASSIGNMENTS_T (ID, LANG, DESCRIPTION, HINT ) VALUES (
   16/*ID*/, 2, 'Erstellt von', 'ID des Benutzers, der diese Instanz erstellt hat');

-- ROOT/CREATED_AT
INSERT INTO FXS_TYPEPROPS (ID, NAME, SYSINTERNAL, DEFMINMULT, DEFMAXMULT, MAYOVERRIDEMULT, ACL, MAYOVERRIDEACL,
  DATATYPE, REFTYPE, ISFULLTEXTINDEXED) VALUES
  (17/*ID*/, 'CREATED_AT', TRUE, 1, 1, FALSE, 1, TRUE,
  9/*DATATYPE*/, null, FALSE);
INSERT INTO FXS_PROP_OPT(OPTKEY,ID,MAYOVERRIDE,OPTVALUE)VALUES('SHOW.OVERVIEW',17,TRUE,'0');
INSERT INTO FXS_PROP_OPT(OPTKEY,ID,MAYOVERRIDE,OPTVALUE)VALUES('SEARCHABLE',17,TRUE,'1');
INSERT INTO FXS_PROP_OPT(OPTKEY,ID,MAYOVERRIDE,OPTVALUE)VALUES('MULTILANG',17,FALSE,'0');
INSERT INTO FXS_PROP_OPT(OPTKEY,ID,MAYOVERRIDE,OPTVALUE)VALUES('HTML.EDITOR',17,FALSE,'0');
INSERT INTO FXS_ASSIGNMENTS (ID, ATYPE, ENABLED, TYPEDEF, MINMULT, MAXMULT, DEFMULT, POS, XPATH, XALIAS,
  BASE, PARENTGROUP, AGROUP, APROPERTY, ACL, SYSINTERNAL) VALUES (
   17/*ID*/, 1, TRUE, 0, 1, 1, 1, 17/*POS*/, 'ROOT/CREATED_AT', 'CREATED_AT',
   null, 0, null, 17/*PropertyId*/, 1, TRUE);
INSERT INTO FXS_TYPEPROPS_T (ID, LANG, DESCRIPTION, HINT ) VALUES (
   17/*ID*/, 1, 'Created At', 'Date and time when this instance was created');
INSERT INTO FXS_TYPEPROPS_T (ID, LANG, DESCRIPTION, HINT ) VALUES (
   17/*ID*/, 2, 'Erstellt am', 'Datum und Uhrzeit der Erstellung dieser Instanz');
INSERT INTO FXS_ASSIGNMENTS_T (ID, LANG, DESCRIPTION, HINT ) VALUES (
   17/*ID*/, 1, 'Created At', 'Date and time when this instance was created');
INSERT INTO FXS_ASSIGNMENTS_T (ID, LANG, DESCRIPTION, HINT ) VALUES (
   17/*ID*/, 2, 'Erstellt am', 'Datum und Uhrzeit der Erstellung dieser Instanz');

-- ROOT/MODIFIED_BY
INSERT INTO FXS_TYPEPROPS (ID, NAME, SYSINTERNAL, DEFMINMULT, DEFMAXMULT, MAYOVERRIDEMULT, ACL, MAYOVERRIDEACL,
  DATATYPE, REFTYPE, ISFULLTEXTINDEXED) VALUES
  (18/*ID*/, 'MODIFIED_BY', TRUE, 1, 1, FALSE, 1, TRUE,
  5/*DATATYPE*/, null, FALSE);
INSERT INTO FXS_PROP_OPT(OPTKEY,ID,MAYOVERRIDE,OPTVALUE)VALUES('SHOW.OVERVIEW',18,TRUE,'0');
INSERT INTO FXS_PROP_OPT(OPTKEY,ID,MAYOVERRIDE,OPTVALUE)VALUES('SEARCHABLE',18,TRUE,'1');
INSERT INTO FXS_PROP_OPT(OPTKEY,ID,MAYOVERRIDE,OPTVALUE)VALUES('MULTILANG',18,FALSE,'0');
INSERT INTO FXS_PROP_OPT(OPTKEY,ID,MAYOVERRIDE,OPTVALUE)VALUES('HTML.EDITOR',18,FALSE,'0');
INSERT INTO FXS_ASSIGNMENTS (ID, ATYPE, ENABLED, TYPEDEF, MINMULT, MAXMULT, DEFMULT, POS, XPATH, XALIAS,
  BASE, PARENTGROUP, AGROUP, APROPERTY, ACL, SYSINTERNAL) VALUES (
   18/*ID*/, 1, TRUE, 0, 1, 1, 1, 18/*POS*/, 'ROOT/MODIFIED_BY', 'MODIFIED_BY',
   null, 0, null, 18/*PropertyId*/, 1, TRUE);
INSERT INTO FXS_TYPEPROPS_T (ID, LANG, DESCRIPTION, HINT ) VALUES (
   18/*ID*/, 1, 'Modified By', 'Id of the account who last modified this instance');
INSERT INTO FXS_TYPEPROPS_T (ID, LANG, DESCRIPTION, HINT ) VALUES (
   18/*ID*/, 2, 'Modifiziert von', 'ID des Benutzers, der diese Instanz zuletzt modifiziert hat');
INSERT INTO FXS_ASSIGNMENTS_T (ID, LANG, DESCRIPTION, HINT ) VALUES (
   18/*ID*/, 1, 'Modified By', 'Id of the account who last modified this instance');
INSERT INTO FXS_ASSIGNMENTS_T (ID, LANG, DESCRIPTION, HINT ) VALUES (
   18/*ID*/, 2, 'Modifiziert von', 'ID des Benutzers, der diese Instanz zuletzt modifiziert hat');

-- ROOT/MODIFIED_AT
INSERT INTO FXS_TYPEPROPS (ID, NAME, SYSINTERNAL, DEFMINMULT, DEFMAXMULT, MAYOVERRIDEMULT, ACL, MAYOVERRIDEACL,
  DATATYPE, REFTYPE, ISFULLTEXTINDEXED) VALUES
  (19/*ID*/, 'MODIFIED_AT', TRUE, 1, 1, FALSE, 1, TRUE,
  9/*DATATYPE*/, null, FALSE);
INSERT INTO FXS_PROP_OPT(OPTKEY,ID,MAYOVERRIDE,OPTVALUE)VALUES('SHOW.OVERVIEW',19,TRUE,'0');
INSERT INTO FXS_PROP_OPT(OPTKEY,ID,MAYOVERRIDE,OPTVALUE)VALUES('SEARCHABLE',19,TRUE,'1');
INSERT INTO FXS_PROP_OPT(OPTKEY,ID,MAYOVERRIDE,OPTVALUE)VALUES('MULTILANG',19,FALSE,'0');
INSERT INTO FXS_PROP_OPT(OPTKEY,ID,MAYOVERRIDE,OPTVALUE)VALUES('HTML.EDITOR',19,FALSE,'0');
INSERT INTO FXS_ASSIGNMENTS (ID, ATYPE, ENABLED, TYPEDEF, MINMULT, MAXMULT, DEFMULT, POS, XPATH, XALIAS,
  BASE, PARENTGROUP, AGROUP, APROPERTY, ACL, SYSINTERNAL) VALUES (
   19/*ID*/, 1, TRUE, 0, 1, 1, 1, 19/*POS*/, 'ROOT/MODIFIED_AT', 'MODIFIED_AT',
   null, 0, null, 19/*PropertyId*/, 1, TRUE);
INSERT INTO FXS_TYPEPROPS_T (ID, LANG, DESCRIPTION, HINT ) VALUES (
   19/*ID*/, 1, 'Modified At', 'Date and time when this instance was last modified');
INSERT INTO FXS_TYPEPROPS_T (ID, LANG, DESCRIPTION, HINT ) VALUES (
   19/*ID*/, 2, 'Modifiziert am', 'Datum und Uhrzeit der letzten Modifikation');
INSERT INTO FXS_ASSIGNMENTS_T (ID, LANG, DESCRIPTION, HINT ) VALUES (
   19/*ID*/, 1, 'Modified At', 'Date and time when this instance was last modified');
INSERT INTO FXS_ASSIGNMENTS_T (ID, LANG, DESCRIPTION, HINT ) VALUES (
   19/*ID*/, 2, 'Modifiziert am', 'Datum und Uhrzeit der letzten Modifikation');

