<?xml version="1.0" encoding="ISO-8859-1"?><!DOCTYPE document PUBLIC "-//APACHE//DTD Documentation V1.3//EN" "document-v13.dtd">
<document><header><title>History of Changes 0.94</title></header><body><section id="version_0.94"><title>Version 0.94 (XX August 2007)</title><section><title>Code</title><ul><li><icon alt="add" src="../images/add.jpg"/>
        Support for keep-together.within-line="always".
      (MM)</li><li><icon alt="add" src="../images/add.jpg"/>
        Add support for conditional spaces in table-cells.
      (VH)</li><li><icon alt="add" src="../images/add.jpg"/>
        Support alignment-adjust for images.
      (AD) Thanks to Max Berger. Fixes <link href="http://issues.apache.org/bugzilla/show_bug.cgi?id=42785">42785</link>.</li><li><icon alt="add" src="../images/add.jpg"/>
        Partial application of the patch in Bugzilla 41044:
          * addition of a generic PropertyCache to be used by all Property
            types that can be safely canonicalized
          * modified EnumProperty, StringProperty, NumberProperty, EnumNumber
            and FixedLength to make use of the cache infrastructure
      (AD) Thanks to Richard Wheeldon. Fixes <link href="http://issues.apache.org/bugzilla/show_bug.cgi?id=41044">41044</link>.</li><li><icon alt="add" src="../images/add.jpg"/>
        Slight improvement of relative font-weight handling in the properties
        package.
      (AD)</li><li><icon alt="add" src="../images/add.jpg"/>
        Add support for font auto-detection (easier font configuration).
      (JM) Thanks to Adrian Cumiskey. Fixes <link href="http://issues.apache.org/bugzilla/show_bug.cgi?id=41831">41831</link>.</li><li><icon alt="add" src="../images/add.jpg"/>
        Add support for exact positioning of internal PDF links.
      (JM) Thanks to Paul Vinkenoog. Fixes <link href="http://issues.apache.org/bugzilla/show_bug.cgi?id=42067">42067</link>.</li><li><icon alt="add" src="../images/add.jpg"/>
        Add support for the collapsing-border model in tables.
      (VH, JM) Fixes <link href="http://issues.apache.org/bugzilla/show_bug.cgi?id=36934">36934</link>.</li><li><icon alt="add" src="../images/add.jpg"/>
        Add support for named destinations in PDF.
      (JB)</li><li><icon alt="add" src="../images/add.jpg"/>
        Add support for a two-pass production for PostScript output to minimize file size. This
        adds images only once and adds only the fonts that are really used.
      (JM)</li><li><icon alt="add" src="../images/add.jpg"/>
        Support for GIF images in RTF output (RTF handler, only. Does not affect the RTF library.)
      (JM)</li><li><icon alt="add" src="../images/add.jpg"/>
        Support for soft masks (transparency) with ImageIO image adapter.
      (JM)</li><li><icon alt="add" src="../images/add.jpg"/>
        Added support for the soft hyphen (SHY) character.
      (MM)</li><li><icon alt="add" src="../images/add.jpg"/>
        Added support for line-height-shift-adjustment property.
      (MM)</li><li><icon alt="add" src="../images/add.jpg"/>
        Added support for the system property fop.home to
        cli.Main.getJARList().
      (SP)</li><li><icon alt="add" src="../images/add.jpg"/>
        Added support for display-align for table-cell in RTF output.
      (JM) Fixes <link href="http://issues.apache.org/bugzilla/show_bug.cgi?id=40930">40930</link>.</li><li><icon alt="add" src="../images/add.jpg"/>
        Added support for UAX#14 type line breaking. Support does not extend across nested fo:inline elements.
      (MM)</li><li><icon alt="fix" src="../images/fix.jpg"/>
        AFP Renderer: Bugfix for 1 bit images where the width is not a multiple of 8.
      (JM)</li><li><icon alt="fix" src="../images/fix.jpg"/>
        Fixed incomplete support for Unicode Word Joiner characters (U+2060 and U+FEFF).
      (MM)</li><li><icon alt="fix" src="../images/fix.jpg"/>
        Fixed the rendering of zero-width spaces for certain fonts by not generating them into
        the area tree.
      (JM) Thanks to Paul Vinkenoog. Fixes <link href="http://issues.apache.org/bugzilla/show_bug.cgi?id=42109">42109</link>.</li><li><icon alt="fix" src="../images/fix.jpg"/>
        Fixed a problem with disappearing footnotes inside hyphenated inlines (and footnotes with hyphenated inline child).
      (LF)</li><li><icon alt="fix" src="../images/fix.jpg"/>
        Fix PDF Genaration for non-ASCII compatible locales.
      (JM) Thanks to Martin K�gler. Fixes <link href="http://issues.apache.org/bugzilla/show_bug.cgi?id=41434">41434</link>.</li><li><icon alt="fix" src="../images/fix.jpg"/>
        Fix several exceptions when break-before/after is set on the first/last row of a table.
      (VH)</li><li><icon alt="fix" src="../images/fix.jpg"/>
        Fix extra page break when break-before is set on both a table and its first row.
      (VH)</li><li><icon alt="fix" src="../images/fix.jpg"/>
        Make keep-with-next and keep-with-previous work on fo:table.
      (VH)</li><li><icon alt="fix" src="../images/fix.jpg"/>
        Fixed a problem with keep-with-next on table-rows. Once a keep-with-next was set
        inside a table, the FO following the table would always be glued to the previous table.
      (JM)</li><li><icon alt="fix" src="../images/fix.jpg"/>
        Fixed a problem with the auto-rotate-landscape setting in the PostScript renderer.
        It didn't generate the right setpagedevice command.
      (JM)</li><li><icon alt="fix" src="../images/fix.jpg"/>
        Fixed an IllegalArgumentException for absolutely positioned block-containers with a
        border and no height/bpd set.
      (JM)</li><li><icon alt="fix" src="../images/fix.jpg"/>
        If a line contained nothing but a linefeed, this didn't produce empty lines.
        Replaced the auxiliary zero-width box with a glue the width of a line,
        and shrinkable to zero-width.
      (AD) Fixes <link href="http://issues.apache.org/bugzilla/show_bug.cgi?id=41652">41652</link>.</li><li><icon alt="fix" src="../images/fix.jpg"/>
        Stricter FOP user configuration checking
      (VH) Thanks to Adrian Cumiskey. Fixes <link href="http://issues.apache.org/bugzilla/show_bug.cgi?id=40120">40120</link>.</li><li><icon alt="fix" src="../images/fix.jpg"/>
        Fix parsing 'url(...)' when the URL itself contains a bracketed part.
      (AD) Thanks to Erwin Tratar. Fixes <link href="http://issues.apache.org/bugzilla/show_bug.cgi?id=41572">41572</link>.</li><li><icon alt="fix" src="../images/fix.jpg"/>
        Fix for NPE with PNG images for RTF output.
      (JM)</li><li><icon alt="fix" src="../images/fix.jpg"/>
        Fix for properly parsing font-family names containing spaces.
      (AD)</li><li><icon alt="fix" src="../images/fix.jpg"/>
        Fix incorrect behaviour of the BreakingAlgorithm when some inline content is wider than
        the available ipd, causing a restart.
      (LF) Fixes <link href="http://issues.apache.org/bugzilla/show_bug.cgi?id=41019">41019</link>.</li><li><icon alt="fix" src="../images/fix.jpg"/>
        Fix for PDF corruption when a TrueType font with spaces in its name is embedded and no 
        XML font metrics file for that font is used.
      (JM)</li><li><icon alt="fix" src="../images/fix.jpg"/>
        Fix for ClassCastException when fo:wrapper was used as direct child of fo:flow.
        Note: "id" attributes are still not handled properly on fo:wrapper!
      (JM) Thanks to Adrian Cumiskey. Fixes <link href="http://issues.apache.org/bugzilla/show_bug.cgi?id=41426">41426</link>.</li><li><icon alt="update" src="../images/update.jpg"/>
        Refactoring in the fo package:
        -&gt; removal of the childNodes instance member in fop.fo.FObj
        -&gt; addition of a firstChild instance member in fop.fo.FObj
        -&gt; addition of a siblings instance member in fop.fo.FONode
        -&gt; addition of a FONodeIterator interface in FONode + corresponding implementation in FObj
        -&gt; changed implementations of FObj.addChildNode(), .removeChild() and .getChildNodes()
      (AD) Fixes <link href="http://issues.apache.org/bugzilla/show_bug.cgi?id=41656">41656</link>.</li><li><icon alt="update" src="../images/update.jpg"/>
        Code cleanup and restructuring: 
        Refactoring of PageSequenceLayoutManager and provide common FObj id property use
      (AD) Thanks to Adrian Cumiskey. Fixes <link href="http://issues.apache.org/bugzilla/show_bug.cgi?id=42089">42089</link>.</li><li><icon alt="update" src="../images/update.jpg"/>
        Updated PDF/A-1b support according to ISO-19005-1:2005/Cor.1:2007.
      (JM)</li><li><icon alt="update" src="../images/update.jpg"/>
        Use source resolution setting for bitmap images which don't provide their own
        resolution.
      (JM) Thanks to Hussein Shafie. Fixes <link href="http://issues.apache.org/bugzilla/show_bug.cgi?id=42406">42406</link>.</li></ul></section></section></body></document>